title,source,date,time,category,sub-category,content,url
"Jangan Panik, Ini Tips Mengatasi Anak Rewel Akibat Demam Tinggi",fimela.com,13 Sep 2019,16:30 WIB,Parenting,-," , , pada anak sebenarnya merupakan gangguan kesehatan yang paling umum. Jika tidak terkait pada penyakit lainnya, sebenarnya demam akan cepat turun dengan penanganan dari dokter dan dukungan dari ibu yang tepat. Namun, kerap kali anak rewel, menangis, dan menolak semua obat serta makanan saat demam tinggi. Hal ini mendorong ibu untuk ikut panik, sedih, dan cemas, bahkan hingga menangis. ,Sebenarnya, menurut Jovita Ferliana, M.Psi, Psikolog Anak, ibu yang mengalami serangan panik ketika anak demam dan rewel merupakan hal yang wajar. Apa lagi, jika hal ini pertama kali dialami sang anak. ,""Ibu-ibu wajar kalau mengalami panik, sedih, dan cemas, bahkan sampai nangis saat anak demam. Apa lagi kalau anak pertama. Namun sikap ini biasanya justru membuat ibu bingung untuk mencari solusi dan pengobatan yang tepat buat anak,"" jelasnya pada acara peluncurkan Hansaplast Cooling Fever dengan karakter Disney. ,Untuk itu, Christopher Vierhaus, Marketing Director Hansaplast mengatakan, Hansaplast kini meluncurkan Hansaplast Cooling Fever dengan karakter Disney yang membantu anak menjadi lebih tenang dan tidak rewel pada saat mengalami demam. ,""Produk baru ini diperuntukkan bagi ibu yang baru pertama kali memiliki anak. Terutama untuk ibu yang tidak tahu harus berbuat apa ketika anaknya terserang ,,"" jelasnya. ,Menurut Jovita, suhu badan yang tinggi bukan hanya satu-satunya tanda anak mengalami demam. Ada beberapa perilaku dan perubahan pada anak ketika demam secara psikologis, antara lain, anak terlihat seperti kelelahan, lesu, kurang aktif, dan bagi beberapa anak, mereka ingin lebih dekat dengan ibu. ,""Kondisi ini menjadikan ibu turut panik dan cemas. Padahal, cemas dan panik sama sekali tidak membantu,"" jelasnya. ,Untuk itu, Tessa Indira, Junior Brand Manager Hansaplast menjelaskan, Hansaplast Cooling Fever dengan karakter Disney dapat menjadi pertolongan pertama untuk anak yang mengalami demam. Menurutnya, kompres demam ini hadir untuk membantu menenangkan anak yang demam dengan sensasi sejuh di dahi serta tekstur gel yang nyaman. Selain itu, aroma ,dan ,nya juga membantu anak lebih tenang. ,""Selain itu, karakter Disney Avengers dan Frozen yang disukai anak-anak membantu mengalihkan perhatian anak. Sehingga, anak akan lupa dengan demam dan perasaan tidak enak pada tubuhnya,"" jelas Tessa. ,Namun tentu saja, kompres demam ini hanya menjadi pertolongan pertama pada anak yang mengalami demam, agar tidak rewel dan merasa lebih nyaman. Ibu tetap harus mencari cara yang tepat secara medis untuk menurunkan demam anak. ,#Growfearless with FIMELA",https://www.fimela.com/parenting/read/4061453/jangan-panik-ini-tips-mengatasi-anak-rewel-akibat-demam-tinggi
FIMELA FEST 2019: Cara Menghindari Memukul Anak Ketika Orangtua Emosi,fimela.com,13 Sep 2019,14:30 WIB,Parenting,-," Mengasuh, memang tidak semudah yang dipikirkan, seperti halnya banyak perdebatan dengan pasangan tentang pola asuh hingga menahan emosi ketika anak rewel. Menahan emosi memang sangat penting, agar ketika anak nakal dan rewel sebagai orangtua kita tidak justru memukul anak tanpa disadari.,Karena berdasarkan penelitian mengungkapkan sangat tidak efektif jika anak diberikan hukuman fisik. Sayangnya, masih banyak orangtua berfikir jika hukuman fisik seperti memukul adalah cara yang dapat diterima dan bermanfaat untuk mendisiplinan anak.,Dilansir dari,, Jumat (13/9/2019), Sarah Conway, seorang psikolog dan pendiri Mindful Little Minds pun menjelaskan langkah-langkah atau tindakan yang dapat dilakukan orang tua untuk mencegah mereka menggunakan kekerasan fisik sebagai bentuk resolusi konflik.,""Orang tua yang memiliki dukungan dan akses ke sumber daya dapat membuat pilihan yang terinformasi, sadar dan disengaja,"" paparnya.,Conway mengatakan jika sahabat , adalah orang tua yang pernah memukul , mereka sebelumnya secara tanpa disadari, sangat penting baginya untuk mencari dukungan dan membangun jaringan dengan orang-orang yang dapat membantu.,""Sebagian besar dari kita bereaksi dalam kemarahan terhadap anak-anak kita dan menyerang karena kita merasa kewalahan dan tidak yakin harus berbuat apa lagi,"" katanya.,Ia menambahkan, ketika kita merasa marah dan kewalahan mengurus,, sebaiknya tarik nafas dalam-dalam agar lebih rileks.,""Untuk keluar dari kebiasaan merespons momen-momen ini dengan kemarahan atau kekerasan, orang tua memerlukan dukungan dan kita perlu meluangkan waktu untuk mengelola emosi dan perasaan stres sehingga dapat mengubah reaksi yang dilakukan,"" kata Conway.,Karena anak-anak tidak memiliki keterampilan komunikasi tertentu, mereka melakukan apa yang cenderung membuat orang tua mereka memperhatikannya seperti jatuh, menangis, merengek, atau berkelahi.,Menurut N'Jyia Shelton, seorang peneliti Pengembangan dan Pendidikan Anak Usia Dini, inilah saat-saat terbaik untuk memberikan diri sendiri sebagai orangtua, momen untuk bernafas dan mencoba untuk tenang sehingga dapat merespons anak dengan cara yang sehat.,Inilah saat mindfull parenting atau pengasuhan anak yang penuh perhatian, tindakan membawa prinsip perhatian penuh ke dalam interaksi dengan anak-anak, seperti ikut bermain.,“Ini tentang hadir sepenuhnya pada saat bersama anak. Ketika orangtua benar-benar hadir, dapat merespons kebutuhan mereka, daripada bereaksi dengan emosi. Ketika kita bereaksi terhadap emosi sendiri dan membiarkannya memengaruhi perilaku kita, alhasil kita akan memukul anak. Jika kita selalu hadir sepenuhnya untuk anak, respon memukul pun tidak dilakukan,"" paparnya.,Shelton juga mengatakan bahwa penting untuk mengetahui mengapa kita biasa saja jika menyakiti anak-anak kita. Ketika anak-anak kita berperilaku dengan cara yang membuat kita stres, penting untuk memperhatikan alasan mengapa mereka melakukan hal tersebut.,""Ketika seorang anak merasa cemas, respons stres mereka telah dipicu. Karena ini, seorang anak dapat menyerang dan menjadi agresif, atau mereka dapat berusaha untuk menghindari apa pun yang mereka takuti. Mereka berjuang untuk berurusan dengan emosi besar yang tidak mereka pahami,"" tutupnya.,Untuk memahami lebih dalam tentang ,, , dan raih kesempatan untuk menghadiri FIMELA FEST 2019., ,#Growfearless with Fimela",https://www.fimela.com/parenting/read/4061803/fimela-fest-2019-cara-menghindari-memukul-anak-ketika-orangtua-emosi
FIMELA FEST 2019: 3 Faktor yang Perlu Dipahami dalam Mindful Parenting,fimela.com,18 Sep 2019,11:00 WIB,Parenting,-," Berbicara soal pola asuh anak, , sedang menjadi topik pembahasan di banyak tempat. Pola asuh anak dengan metode , dirasa perlu dilakukan untuk orangtua jaman sekarang untuk pertumbuhan mental dan emosional sang anak.,Melansir dari Gottman pada Rabu (18/9/2019) dalam , terhadap tiga faktor utama. Apa saja?,Ketika sedang berargumen dengan anak, pikirkan perasaan apa yang mendorong terjadinya argumen. Apakah karena marah? Atau malu? Usahakan untuk tidak menghalangi atau menghentikan emosi anak. Jangan juga menghakimi atau menolak. Ingat bahwa kamu tidak perlu menyalahkan diri sendiri atau anak atas apa yang terjadi.,Cobalah untuk melihat konflik dari kacamata anak. Ketika kamu tidak bisa melihat hal yang baik dari pertengkaran itu dengan sang anak, pikirkan jika kamu berada di posisi anakmu., ,Bagian yang paling menantang adalah tetap tenang ketika marah. Fokuskan diri pada tubuh dan pola bernapas karena emosi bisa direndam dengan perubahan fisiologis yang menurunkan respon reflek kita.,Ketika kamu dapat mengontrol dan menahan respon, tubuh dan pikiran akan kembali sejalan untuk memilih respon mana yang akan diberikan. Mengingatkan diri untuk bernapas secara normal.,Tidak semua anak bisa mengelola perasaan mereka. Anak masih dalam tahap belajar dan memiliki prioritas yang berbeda dari yang kita lakukan. Mulailah untuk mendengarkan anak dengan seksama dan biarkan emosi terungkap dari dirinya.,Setelah itu, posisikan anak untuk mau mendengarkan orangtua dengan seksama. Sehingga menata kembali pikiran yang sekiranya salah di benak anak.Ingin tahu lebih banyak soal mindful parenting? ,.,#GrowFearless with Fimela",https://www.fimela.com/parenting/read/4064702/fimela-fest-2019-3-faktor-yang-perlu-dipahami-dalam-mindful-parenting
FIMELA Fest 2019: Mengasuh Anak Tanpa Emosi dengan Mindful Parenting,fimela.com,13 Sep 2019,20:30 WIB,Parenting,-," Tugas , bukan hanya sekadar menafkahi anak. Mendidik dan mengasuh anak dengan baik dan penuh kesadaran merupakan kewajiba setiap orangtua. Dalam proses pembelajaran dan tumbuh kembang, anak kerap memosisikan orangtua dalam suatu kondisi yang cukup membuat stres. ,Tak jarang orangtua terpancing situasi tersebut. Meski sudah berusaha untuk sabar meski sudah lelah bekerja seharian baik di kantor dan di rumah, orangtua kerap lepas kendali. Meskipun masalahnya sepele, seperti anak menumpahkan sereal ke lantai, atau anak menangis dan merengek sepanjang hari, stres ternyata kerap tak terelakkan.,Dilasnir dari Gottman.com, respon stres terhadap anak tantrum yang kamu berikan sebagai orangtua ternyata dipengaruhi banyak hal. Salah satunya pengalaman masa kecilmu. Karena itu, tidak heran jika ,mu bisa saja lebih cepat atau lambat dari orang lain. ,Seorang psikolog klinis yang mempelajari otak, Dr. Dan Siegel, menjelaskan kalau tidak jarang orangtua lepas kontrol ketika stres dan membiarkan emosi mengambil alih untuk mengontrol reaksi. Akibatnya, justru berimbas pada psikologis dan pola didik anak. Karena itu, mengatur emosi dan perilaku sangat penting dalam mendidik dan mengasuh anak. Konsep ini kerap disebut dengan ,atau , yang berkesadaran. ,Meskipun begitu, banyak orangtua yang salah kaprah mengartikan konsep ini. Konsep ,bukan berarti mengharuskanmu menjadi orangtua yang sempurna. ,Grottman.com menulis, menjalani konsep ini sangat tidak mudah. Namun, seperti aspek-aspek pola asuh anak lainnya, kamu sebenarnya bisa melatih diri untuk mengasuh anak tanpa harus melibatkan emosi negatif. ,Karena, ,berarti membawa atensi dan kesadaran terhadap apa yang sedang terjadi. Bukannya memutuskan dan beraksi tanpa sadar dan membiarkan emosi menentukan reaksimu terhadap situasi dan perbuatan anak-anak. ,Krsitin Race, seorang penulis buku Mindful Parenting: Simple and Powerful Solutions for Raising Creative, Engaged, Happy Kids in Today's Hectic World, mengatakan kepada Grottman.com mengenai 3 kunci yang harus dilakukan setiap orangtua untuk mempraktikkan ,1. Kenali perasaanmu sendiri ketika ada konflik dengan anak. Apakah kamu marah, sedih, malu, atau kesal? Kenali dulu sebelum kamu bertindak dan merespon terhadap situasi tersebut. ,2. Belajarlah untuk berhenti sejenak sebelum kamu merespon pakai emosi terhadap perilaku anak atau situasi kacau pada saat konflik terjadi. ,3. Terakhir, belajarlah untuk mendengarkan pendapat dan penjelasan anak, meskipun kamu tidak setuju dengannya. Kemudian, kamu bisa menjelaskan sudut pandangmu dan menjelaskan kepadanya dengan bahasa yang lebih sederhana dan mudah dimengerti anak. ,Ingin tahu lebih lanjut tentang, Daftarkan dirimu sekarang juga di , dan dapatkan kesempatan untuk hadir di Fimela Fest 2019!,#Growfearless with FIMELA",https://www.fimela.com/parenting/read/4062293/fimela-fest-2019-mengasuh-anak-tanpa-emosi-dengan-mindful-parenting
Orangtua Wajib Memberi Contoh jika Ingin Anak Suka Sayur dan Buah,fimela.com,11 Sep 2019,14:15 WIB,Parenting,-," Sayur dan buah merupakan , serta gizi yang sangat penting buat semua orang terkhusus buat anak-anak. Dalam sayuran dan buah-buahan mengandung nutrisi yang sangat bermanfaat untuk menunjang tumbuh kembang anak.,Meski sayur dan buah sangat penting buat anak, tidak sedikit anak yang begitu membenci sayur dan buah. Tidak sedikit anak yang sama sekali tidak mau makan sayur dan buah.,Ketika mendapati anak tidak suka makan sayur dan buah, banyak orangtua yang mengeluhkan hal ini. Lantas bagaimana caranya agar anak mulai menyukai sayur dan buah? Apakah orangtua harus memaksa anak makan sayur dan buah?,Menurut ahli gizi sekaligus Ketua Umum Perhimpunan Pakar Gizi dan Pangan, Hardinsyah, agar anak menyukai sayuran dan buah-buahan, orangtua pentingnya mencontohkan bagaimana itu mambiasakan diri makan sayur dan buah. Ketika anak tidak suka sayur dan buah, besar kemungkinan orangtuanya juga tak menyukai sayur dan buah.,Hardinsyah mengatakan, ""Kalau anak tidak suka sayur dan buah, bisa jadi papa dan mamanya tidak suka sayur dan buah. Anak merekam segala hal yang dilihatnya terutama mengenai orangtua. Anak juga merekam apa yang disukai dan tidak disukai orangtuanya termasuk kesukaan terhadap sayur dan buah."",Melansir dari laman ,, jika orangtua ingin anaknya menyukai sayur dan buah, orangtua harus memberi contoh kebiasaan baik konsumsi sayur dan buah dalam kehidupan sehari-hari.,Saat Mom menyusui, penting juga baginya untuk memperbanyak konsumsi sayur dan buah. Apa yang dimakan Mom selama menyusui bisa berpengaruh pada rasa ASI (Air Susu Ibu). Anak juga bisa merasakan makanan apa saja yang disukai Mom dan , apa yang tidak disukai.,#GrowFearless with FIMELA",https://www.fimela.com/parenting/read/4059995/orangtua-wajib-memberi-contoh-jika-ingin-anak-suka-sayur-dan-buah
FIMELA FEST 2019: Hubungan Mindfull Parenting Terhadap Kecerdasan Sensorik Anak,fimela.com,12 Sep 2019,20:00 WIB,Parenting,-," Orangtua masa kini sudah mulai piawai mencari pedoman mengasuh ,, salah satu yang bisa digunakan adalah mindfull parenting. Dalam pola asuh ini memungkinkan ibu dan anak memiliki keterikatan dan kedekatan yang lebih dalam. Ibu dapat memahami sang anak begitupun sebaliknya.,Untuk memulai mindfull parenting, ibu bisa mengajak sang anak bermain bersama. Berikan permainan yang dapat merangsang kecerdasan sensorik anak. Kegiatan sensorik adalah aktivitas yang merangsang indera anak seperti sentuhan, bau, rasa, gerakan, keseimbangan, penglihatan, serta pendengaran yang bermanfaat bagi pertumbuhan dan perkembangan anak.,Orangtua dapat mengaplikasikan mindfull parenting dengan memilih permainan seperti membuat kerajinan tangan yang menggunakan mainan bertekstur, warna-warni, dan bentuk-bentuk yang unik. Seperti yang diketahui mainan slime bisa merangsang sensorik ,, namun ibu bisa memilih permainan lainnya yang tidak harus lengket dan berlendir.,Permainan sensorik membantu perkembangan bahasa, pertumbuhan kognitif, keterampilan motorik halus dan kasar, keterampilan pemecahan masalah, dan interaksi sosial. Selain itu, permainan ini dapat membantu menghilangkan kecemasan dan stres pada anak.,Berikut deretan ide permainan seru orangtua dan , yang dapat meningkatkan kecerdasan sensorik anak selain slime, seperti dilansir dari , Kamis (12/9/2019).,Orangtua bisa menyiapkan permainan dari beras yang diwarnai merah, kuning, hijau, dan biru layaknya pelangi. Tempatkan pada mangkuk dan siapkan sendok. Anak bisa menyusun beras-beras ini sesuai warnanya dan menghasilkan sebuah pelangi.,Ibu bisa memberikan contoh dengan membuat terlebih dahulu, kemudian liat bagaimana anak berkreasi. Beras warna-warni ini juga bisa diganti dengan kacang merah, kacang hijau, hingga bulir jangung mentah., ,Untuk permainan ini, ibu membutuhkan cat, sabun, air, dan sedotan. Ajak anak untuk mencampurkan sabun, air, dan cat sesuai keinginannya. Lalu tiup dengan sedotan sehingga menghasilkan karya seni berupa tekstur balon-balon pada sabun. Hal ini akan sangat menarik bagi anak-anak. Lakukan pada anak yang sudah mulai besar karena bisa berbahaya jika terisap., ,Sesuatu yang , dapat merangsang si kecil lebih fokus. Hal ini juga menjadi sangat menyenangkan bagi sang anak. Ibu bisa menggunakan pasta, cat glow in the dark, tusuk kayu, dan tambahan mata palsu untuk boneka. Untuk memudahkan si kecil, ibu bisa merangkai bahan-bahan berbentuk kupu-kupu.,Setelah itu anak bertugas mewarnai kupu-kupu dan lihat bagaimana mainan ini akan menyala di dalam kamar saat keadaan gelap. Permainan ini akan merangsang kreativitas anak dan membuatnya bersemangat.,Untuk memahami lebih dalam tentang ,, yuk, daftarkan diri kamu , dan raih kesempatan untuk menghadiri FIMELA FEST 2019.,#GrowFearless with Fimela",https://www.fimela.com/parenting/read/4061471/fimela-fest-2019-hubungan-mindfull-parenting-terhadap-kecerdasan-sensorik-anak
FIMELA FEST 2019: Batasi Anak Main Gadget Bentuk Mindful Parenting?,fimela.com,13 Sep 2019,18:11 WIB,Parenting,-," Bicara tentang ,, mungkin kamu telah sering mendengar berbagai tips dan serba- serbi dalam membesarkan anak atau bagaimana menjadi orangtua yang baik. Salah satu yang sedang banyak menjadi fokus adalah membatasi waktu anak untuk bermain gadget, apa kamu juga melakukannya?,Sebuah penelitian terbaru menemukan bahwa remaja menghabiskan waktu lebih dari tiga jam dalam sehari di media sosial dan hal ini berisiko lebih tinggi terhadap masalah kesehatan mental. Hal yang seharusnya menjadi fokus pada ,.,Melansir dari ,, Jumat (13/9/2019), penelitian yang dilakukan oleh para peneliti di Universitas John Hopkins dan diterbitukan di JAMA Psychiatry telah meneliti lebih dari 6.400 penggunaan media sosial pada remaja di Amerika Serikat selama 3 tahun.,Dari penelitian tersebut, mereka menemukan tren yang mengkhawatirkan, bahwa remaja yang menghabiskan waktu lebih dari tiga jam untuk bermain gadget lebih mungkin menekan perasaan mereka, seperti kecemasan dan depresi. Jika dikaitkan dengan ,, hal ini menghalangi mereka untuk mendapatkan bantuan yang dibutuhkan., ,Terdengar cukup familiar, bukan? Karena berbagai studi yang pernah dilakukan sebelumnya memang telah mengaitkan antara perasaan kesepian dan berkurangnya harga diri dengan penggunaan media sosial.,Alasannya beragam, bisa karena kebutuhan untuk disukai sangat melelahkan, sementara yang lain terpaku pada kehidupan ""menyenangkan"" yang dibagikan oleh orang lain di media sosial. Sayangnya, membatasi waktu di media sosial pada remaja bukan termasuk ke dalam mindful parenting.,Membatasi waktu di media sosial bisa dijadikan sebagai langkah awal, namun orangtua juga harus memberi contoh dengan menghabiskan lebih sedikit waktu pada gadget mereka. Apakah ini mudah? Tidak.,Kamu ingin tahu lebih lanjut tentang mindful parenting? Yuk, , dan dapatkan kesempatan untuk hadir di Fimela Fest 2019!,#GrowFearless with FIMELA",https://www.fimela.com/parenting/read/4062194/fimela-fest-2019-batasi-anak-main-gadget-bentuk-mindful-parenting
"Jalan Kaki hingga Yoga, Ini 5 Olahraga Terbaik untuk Ibu Hamil",fimela.com,12 Sep 2019,14:45 WIB,Parenting,-," Olahraga merupakan aktivitas yang sangat penting dilakukan semua orang demi dapatkan tubuh sehat, bugar dan mengesankan. Olahraga juga sangat dianjurkan untuk rutin dilakukan ,.,Demi menjaga kesehatan tubuh, membantu melancarkan proses persalinan dan menguatkan janin di kandungan, olahraga sangat penting dilakukan oleh ibu hamil. Namun perlu diingat, tidak semua olahraga cocok untuk ibu hamil.,Melansir dari laman,, ada beberapa olahraga yang dipercaya sebagai olahraga terbaik untuk ibu hamil. Seorang ahli kandungan di ,, Dr Rita Bakshi, mengatakan jika sedikitnya ada lima jenis olahraga yang baik untuk ibu hamil.,Olahraga terbaik untuk ibu hamil yang pertama ada jalan kaki. Dr Bakshi mengungkapkan jika jalan kaki rutin setiap pagi selama kehamilan bisa memperlancar peredaran darah dalam tubuh dan meringankan nyeri selama proses persalinan.,Olahraga selanjutnya yang terbaik untuk ibu hamil adalah menari. Tak hanya menyehatkan, olahraga satu ini juga begitu menyenangkan.,Para ahli menemukan jika menekuni olahraga pilates selama kehamilan atau pun sebelumnya bisa membantu seseorang merasa rileks saat proses persalinan Pilates dipercaya bisa mengurangi nyeri otot perut, mengurangi sakit punggung dan melancarkan persalinan.,Ibu hamil disarankan untuk rutin melakukan yoga. Yoga bermanfaat menurunkan risiko stres, depresi dan otot kaku selama kehamilan maupun saat proses persalinan.,Ada senam khusus untuk ibu hamil. Senam khusus ibu hamil ini bermanfaat membuat tubuh sehat. Senam juga bermanfaat meningkatkan tumbuh kembang janin di kandungan,,Itulah beberapa olahraga terbaik untuk ,. Selain olahraga di atas, olahraga lain yang juga baik untuk ibu hamil antaranya renang, aerobik atau zumba dan latihan kegel. Semoga informasi ini bermanfaat.,#GrowFearless with FIMELA",https://www.fimela.com/parenting/read/4061003/jalan-kaki-hingga-yoga-ini-5-olahraga-terbaik-untuk-ibu-hamil
Kekebalan Tubuh Ibu Selama Kehamilan Pengaruhi Kecerdasan Anak,fimela.com,18 Sep 2019,14:20 WIB,Parenting,-," Momen , menjadi salah satu momen paling mengesankan buat setiap perempuan. Saat hamil, setiap ibu disarankan menjaga kesehatan fisik dan psikisnya dengan sebaik mungkin. Para ahli menyarankan agar ibu senantiasa memiliki sistem kekebalan tubuh yang baik agar terhindar dari berbagai masalah kesehatan.,Melansir dari laman ,, sistem kekebalan tubuh ibu selama kehamilan bisa memengaruhi tumbuh kembang otak anak. Sistem kekebalan tubuh ibu ini juga berpengaruh besar terhadap kecerdasan anak.,Ada berbagai dampak buruk yang bisa terjadi ke tubuh jika ibu hamil memiliki sistem kekebalan tubuh yang buruk atau tidak maksimal. Penelitian menemukan jika sistem kekebalan tubuh yang buruk selama kehamilan bisa menyebabkan beberapa komplikasi pada ibu maupun janin yang di kandungnya.,Ibu dengan sistem kekebalan tubuh rendah, tingkat stres dan depresi tinggi serta pola hidup tak sehat rentan mengalami persalinan dini bahkan keguguran. Janin di kandungan juga tak bisa mendapat asupan oksigen serta nutrisi yang baik sehingga besar kemungkinan mengalami gangguan perkembangan otak.,Menurut penelitian yang diterbitkan dalam , disebutkan jika sistem kekebalan tubuh ibu selama ,berdampak pada kesehatan dan perkembangan otak bayi. Stres dan depresi selama kehamilan bisa meningkatkan risiko anak mengalami autisme, hiperaktif dan skizofernia.,#GrowFearless with FIMELA",https://www.fimela.com/parenting/read/4065619/kekebalan-tubuh-ibu-selama-kehamilan-pengaruhi-kecerdasan-anak
"FIMELA FEST 2019: Bagian dari Mindful Parenting, Kenali Tanda-Tanda Anak Jadi Tukang Bully",fimela.com,20 Sep 2019,13:00 WIB,Parenting,-," Seperti yang pernah dibahas sebelumnya, , adalah tentang bagaimana menjadi sosok orangtua yang baik bagi anak, sekaligus membesarkan sosok anak yang baik. , memang merupakan bahasan yang luas dan erat kaitannya dengan ,Nyatanya, anak juga bisa menjadi salah satu tukang ,, bagaimana cara mengenalinya? Dilansir dari ,, Jumat (20/9/2019), berikut ini adalah beberapa tanda untuk mengenali anak tukang ,, sebagai bagian dari ,, penasaran?,Guru bisa menjadi pemerhati perilaku antisosial dari anak. Ketika guru mengeluhkan sesuatu tentang anak, jangan langsung dibantah, tukang , sering memilih cara yang tidak terlalu menyenangkan untuk berinteraksi dengan teman sebaya mereka.,Cara terbaik untuk mengatasi hal ini adalah dengan diskusi tebuka dan menghindari pembelaan diri. Pahami bahwa informasi yang diberikan guru adalah cara untuk membantu anak., biasanya adalah kegiatan berkelompok, sehingga ketika anak memilih untuk bergaul dengan anak-anak lain yang agresif, ini adalah cara mereka untuk saling melengkapi satu sama lain. Langkah pertama yang harus kamu ambil adalah berbicara dengan anak, coba cari tahu apa yang menarik mereka masuk ke dalam kelompok tersebut, dan bagaimana memenuhi kebutuhan tersebut dengan cara yang lebih sehat sebagai bagian dari ,., ,Ketika anak melakukan sesuatu yang tidak baik pada anak lain, lihat apa yang dilakukannya setelahnya? Apa mereka meminta maaf atau justru melakukan pembenaran?,Jika yang terjadi adalah yang terakhir, kemungkinan besar mereka tidak menyesal dan terbiasa melakukan intimidasi. Doronglah anak untuk lebih bertanggung jawab atas tindakan mereka secara positif.,Anak tukang , biasanya memiliki emosi yang cepat tersulut dan sulit bersabar. Berikan anak lingkungan yang aman dan terjamin agar mereka lebih mudah memadamkan amarah dan memahami pentingnya bersabar.,Terkadang korban , memutuskan untuk membalaskan dendam mereka dengan menjadi tukang , Sebenarnya ini adalah lingkaran setan yang sangat umum.,Ingin tahu lebih banyak tentang ,? Daftarkan dirimu segera dan dapatkan kesempatan untuk hadir di Fimela Fest 2019 ,!,#GrowFearless with FIMELA",https://www.fimela.com/parenting/read/4066827/fimela-fest-2019-bagian-dari-mindful-parenting-kenali-tanda-tanda-anak-jadi-tukang-bully
5 Cara Mendidik Anak Agar Lebih Disiplin Sejak Dini,fimela.com,12 Sep 2019,12:23 WIB,Parenting,-," Setiap orangtua pasti bahagia ketika mendapati buah hatinya tumbuh dan berkembang jadi pribadi yang , serta mengesankan. Setiap orangtua tentu juga berharap bahwa buah hatinya tumbuh dan berkembang jadi anak yang membanggakan.,Agar anak menjadi pribadi yang disiplin dan membanggakan tentu bukan perkara mudah. Orangtua perlu mendidik anak sebaik mungkin sejak usianya sedini mungkin. Orangtua juga perlu membiasakan kedisiplinan pada anak sejak ia berusia sedini mungkin.,Melansir dari laman ,, ada beberapa cara yang bisa dilakukan orangtua untuk membiasakan kedisiplinan pada anak usianya sedini mungkin.,Ketika Mom ingin anak lebih disiplin dan memahami apa yang menjadi kemauan Mom, Mom penting konsisten untuk menasehatinya. Menasehati anak tak harus dengan kata-kata kasar atau marah-marah dengan suara tinggi. Menasehati anak dengan tenang justru akan membuatnya lebih memahami perintah dan larangan dari orangtua.,Claire Lerner, seorang spesialis perkembangan anak melalui , mengungkapkan jika mengikuti pola pikir anak akan membuatnya lebih disiplin. Jangan mudah marah, menghakimi atau bahkan menghukum anak jika membuat rumah berantakan, mencoret-coret tembok atau melakukan kesalahan lainnya. Jika anak salah, orangtua cukup menasehatinya dan mengikuti apa yang diinginkan anak. Jika keinginan tersebut tidak baik, orangtua bisa menasehati dan menyadarkan dia bahwa apa yang dilakukannya tidak baik.,Bagi sebagian besar orangtua akan merasa sangat kasihan ketika mendapati anak dimarahi lalu menangis. Tega tak tega, orangtua perlu berlaku lebih bijak dan mengabaikan anak saat dia merasa buruk untuk sementara waktu. Mengabaikan anak ini akan membuatnya menyadari bahwa kesalahannya tak bisa dimaafkan dan dia tidak boleh mengulanginya lagi. Mengabaikan anak untuk sementara waktu akan membuatnya menyadari dampak dari yang ia lakukan.,Saat anak melakukan kesalahan dan ia harus menghadapi konsekuensi atas apa yang ia lakukan, biarkan anak untuk menghadapi masalahnya sendiri. Jika anak salah makan orangtua harus memberinya pengertian bahwa yang dilakukannya salah. Jangan memanjakan anak apalagi membela anak saat ia salah. Ini justru akan membuatnya semakin tak disiplin bahkan membangkang pada orangtua juga orang-orang di sekitarnya karena merasa ada yang siap membelanya.,Jika anak sering mengamuk dan menolak jika diminta melakukan sesuatu, Mom juga bisa menolak jika anak meminta sesuatu dari Mom. Cara ini dikatakamn bisa membuat anak lebih peka dan memahami apa yang ia lakukan serta dampaknya.,Itulah beberapa cara yang bisa dilakukan orangtua agar,sejak usianya sedini mungkin. Pastikan untuk selalu mengawasi dan memantau tumbuh kembang anak. Peran orangtua dalam membentuk karakter anak jadi lebih baik itu sangat penting. Semoga informasi ini bermanfaat., ,#GrowFearless with FIMELA",https://www.fimela.com/parenting/read/4060968/5-cara-mendidik-anak-agar-lebih-disiplin-sejak-dini
"FIMELA FEST 2019: Pernah Dibully, Victoria Beckham Ajarkan Anak Cara Memperlakukan Sesama dan Menjadi Bahagia",fimela.com,19 Sep 2019,08:30 WIB,Parenting,-," Nama besar , ternyata memiliki masa lalu yang menyakitkan. Victoria Beckham pun terbuka tentang bagaimana dampak intimidasi terhadap dirinya sebagai seorang anak.,Dalam sebuah wawancara yang dilansir dari Independent, pengalaman , , di masa lalu membuatnya memiliki cara tersendiri untuk mendidik anak. Terutama Harper yang kini masih berusia delapan tahun, , mengajarkan bagaimana sang anak harus memperlakukan teman sebayanya, termasuk perempuan.,""Saya sering diganggu di sekolah, secara mental dan fisik. Dari situ, saya bisa berbicara dengan Harper tentang bagaimana perempuan harus baik dengan perempuan lainnya. Benar-benar saya menggunakan pengalaman saya sendiri dan membagikannya,"" cerita Victoria Beckham., ,Victoria Beckham pun juga berbicara tentang bagaimana memiliki anak juga mendorongnya untuk memiliki kebiasaan makan yang lebih sehat. Dengan memiliki anak, Victoria bisa menempatkan dirinya dalam banyak perspektif, terutama ketika makan bersama anak-anaknya.,Ia pun mengaku tidak pernah makan tanpa duduk bersama anak-anaknya. Menurutnya, mereka perlu melihat bahwa ibu mereka makan dengan sehat. Menunjukkan kepada anak-anak bagaimana menjadi sehat dan bahagia.,Ingin tahu lebih banyak tentang , dan apa saja yang bisa kamu lakukan untuk menjadi sosok pribadi yang baik? Segera daftarkan dirimu , dan dapatkan kesempatan untuk hadir di Fimela Fest 2019!,#GrowFearless with Fimela",https://www.fimela.com/parenting/read/4065329/fimela-fest-2019-pernah-dibully-victoria-beckham-ajarkan-anak-cara-memperlakukan-sesama-dan-menjadi-bahagia
FIMELA FEST 2019: Biasakan Anak Sarapan Tingkatkan Pengetahuan,fimela.com,18 Sep 2019,14:00 WIB,Parenting,-," Pola asuh dengan metode , memang baik dilakukan orangtua zaman sekarang untuk mengembangkan mental dan emosional anak. Selain itu, ,juga perlu diperhatikan agar anak tumbuh dengan baik., bisa didapatkan ketika kita sarapan pagi. Maka tak ada salahnya jika orangtua membiasakan anak untuk sarapan sebelum beraktivitas.,Faktanya sekitar 70 persen anak Indonesia tidak sarapan pagi. Padahal sarapan dapat membuat anak semangat untuk beraktivats.,""Salah satu cara pengembangan mutu anak adalah pemberian sarapan pagi, tapi 70 persen anak-anak tidak melakukannya,"" ujar Bambang Hadi Waluyo, Kasubdit Kelembagaan dan Sarana Prasarana dalam acara Frisian Flag Rangkul Kemendikbud dan BPOM RI Luncurkan Program Edukasi Gizi Gerakan Nusantara 2019 di Kemendikbud RI, Jakarta Pusat, Senin (16/9).,Hasil pre dan post test penyuluhan pada ratusan guru serta murid seputar sikap perilaku gizi, membuktikan bahwa sarapan bisa meningkatkan pengetahuan maupun sikap.,Sarapan pagi yang disarankan adalah gizi seimbang, terdiri dari berbagai kelompok makanan dan memenuhi 30 persen dari kebutuhan pangan harian.,""Sesuai dengan isi piringku. Lebih lengkap lebih bagus. Kalau terlalu sederhana ya kurang. Minimal 3 warna di piring,"" tutur Ahmad Syafiq, Pakar Gizi dari Pusat Kajian Gizi dan Kesehatan Universitas Indonesia.,Ia menyarankan sarapan tidak lebih dari jam 9 pagi agar tidak mengantuk dan lebih bersemangat sekolah.,""Anak tidur 8-10 jam tidak mengonsumsi apapun, jadi butuh energi untuk beraktivitas. Teorinya, sarapan membuat orang nggak ngantuk, justru sebaliknya. Kalau udah sarapan dan masih ngantuk, khawatir terkena anemia,"" paparnya.,Jadi, orangtua bukan hanya menyiapkan mental yang baik untuk anak. Melainkan nutrisi yang cukup juga membuat anak berkembang dengan baik.,Ingin tahu lebih lanjut tentang mindful parenting? Daftarkan dirimu ,sekarang juga dan dapatkan kesempatan untuk hadir di Fimela Fest 2019,#Growfearless with Fimela",https://www.fimela.com/parenting/read/4064930/fimela-fest-2019-biasakan-anak-sarapan-tingkatkan-pengetahuan
FIMELA FEST 2019: Memilih Sekolah untuk Anak-Anak Generasi Saat Ini,fimela.com,17 Sep 2019,19:30 WIB,Parenting,-," Tidak bisa dipungkiri jika setiap orangtua ingin memberikan pendidikan yang terbaik buat anak-anaknya. Pendidikan sendiri adalah investasi jangka panjang yang membantu anak menemukan kesuksesan di masa mendatang.,Bahkan, ,menjadi rumah kedua bagi anak-anak kita. Maka orangtua pun jangan sampai salah dalam memilih sekolah si kecil.,Lalu apa yang harus dipikirkan ketika memilih sekolah anak? Lilie Kurniawan, salah satu Pendiri Mighty Minds Preschool, mengatakan sebaiknya orangtua memikirkan bagaimana kehidupan dan industri pada 20 tahun mendatang, sebab dunia pasti akan berubah.,“Pikirkan 20 tahun mendatang industri pekerjaan akan seperti apa, sebab anak-anak kira-kira umur 5-6 tahun sekarang akan bekerja 20 tahun mendatang,” paparnya kepada Fimela.com.,Lilie menambahkan, jika kurikulum sekolah yang digunakan hanya itu-itu saja apakah akan berguna atau efektif untuk masa depan si kecil.,Selain itu, anak pun harus menikmati waktunya di ,agar mereka setiap pagi semangat untuk pergi ke sekolah. “Kalau sistem pengajaran tidak berubah seperti 20 tahun lalu, apakah akan efektif diajarkan untuk anak yang akan bekerja 20 tahun mendatang,” tambahnya.,Selain program studi pragmatis, perkembangan sosial dan emosional anak sama pentingnya. Sejak usia dini, sebaiknya tidak hanya mendukung kegiatan anak untuk belajar dan menerima isi kurikulum, tapi juga mendukung anak-anak untuk merasa nyaman bereksperimen, menyampaikan pendapat, belajar dari kesalahan, dan merasa bebas untuk menemukan cara berpikir baru.,Kurikulum kreatif menjadi bagian terpadu dari pendidikan anak usia dini karena membantu anak-anak untuk melihat lebih akurat, meningkatkan memori dan membantu mereka untuk memahami dunia dari sudut pandang yang berbeda. “Anak tidak akan malas sekolah jika kurikulumnya menyenangkan,” tutup Lilie.,Ingin tahu lebih lanjut tentang mindful parenting? ,#Growfearless with FIMELA",https://www.fimela.com/parenting/read/4064178/fimela-fest-2019-memilih-sekolah-untuk-anak-anak-generasi-saat-ini
Alasan Anak Sebaiknya Tidak Konsumsi Jus Buah Berlebihan,fimela.com,14 Sep 2019,11:45 WIB,Parenting,-," Jus buah menjadi salah satu minuman dengan cita rasa lezat dan menyegarkan. Rasa manis pada jus buah bahkan sangat disukai oleh anak-anak.,Namun perlu kita tahu Mom, penelitian yang dilakukan para ahli menemukan jika anak-anak sangat tidak dianjurkan konsumsi jus buah berlebihan. Meski jus buah digadang-gadang sebagai asupan nutrisi sehat, jus buah menyimpan berbagai efek buruk pada ,terlebih untuk jus buah dengan tambahan gula., menyebutkan jika kebutuhan nutrisi setiap anak berbeda-beda antara satu dengan lainnya. Ketika minum jus buah, kebutuhan nutrisi anak dari jus buah tersebut juga berbeda-beda.,Penelitian yang dilakukan para ahli di , di Austin menemukan jika jus buah yang ditambahkan gula di dalamnya bisa merusak kesehatan gigi anak. Jus buah ini juga bisa meningkatkan risiko obesitas pada anak.,Melansir dari laman ,, Steven Abrams, seorang dokter anak di Austin mengatakan, ""Jus buah mengandung serat dan vitamin yang dikhawatirkan bisa merusak gigi. Apalagi jika jus buah tersebut ditambahkan gula atau pemanis buatan di dalamnya."",Peneliti lain yakni Gary LeRoy, dari Dayton mengatakan, “Jika ingin memberikan jus buah ke anak, pastikan bahwa itu 100 persen jus buah. Tidak ada tambahan gula atau pemanis buatan lainnya.”,Para peneliti mengungkapkan jika bukan jus buah yang buruk untuk anak-anak melainkan tambahan di dalamnya. Tambahan seperti gula, susu, pemanis buatan dan cokelat adalah hal yang bisa membuat jus buah tak lagi sehat. Selain jus buah dengan pemanis buatan, ,juga sangat tidak dianjurkan mengonsumsi teh, kopi serta minuman bersoda berlebihan.,#GrowFearless with FIMELA",https://www.fimela.com/parenting/read/4062104/alasan-anak-sebaiknya-tidak-konsumsi-jus-buah-berlebihan
"7 Cara Mengetahui Anak Kesepian, Perhatikan Tandanya!",fimela.com,16 Sep 2019,17:14 WIB,Parenting,-," Memahami anak-anak memang sulit untuk sebagian besar orangtua. Terkadang anak-anak mengalami hal-hal yang tidak disadari orangtua, seperti misalnya merasa kesepian. ,memiliki tanda ketika ia merasa kesepian. Tidak selalu tampak murung dan sedih dari luar, ini sekian cara mengetahui anak kesepian., - Salah satu tanda umum jika anak kesepian adalah ia banyak bicara karena merasa membutuhkan interaksi sosial agar bisa mengalihkan perhatiannya dari rasa kesepian. Sikap seperti ini seringkali membuat orang di sekitarnya lelah, sehingga ia akan semakin dijauhi., - Cara anak mencari perhatian ketika kesepian bisa dengan berbagai cara. Bisa jadi positif atau justru negatif dengan cara marah atau merusak barang. Seringkali sikap rewel juga bisa menjadi cara anak mencari perhatian dari orangtua., - Anak-anak memang punya imajinasi tinggi, namun jangan biarkan ketika anak mulai membuat teman khayalannya sendiri dan menarik diri atau menolak melakukan interaksi sosial nyata dengan teman-teman sebayanya., - Anak kesepian akan berusaha mendapatkan perhatian dengan cara mengganggu orangtua atau orang di sekitarnya. Entah itu dengan banyak bertanya, menyela pembicaraan orang lain, atau membangkang kata-kata orang dewasa., - Anak kesepian yang memutuskan menarik diri biasanya akan mengalami rasa kurang percaya diri sehingga ia akan semakin sulit bersosialisasi dengan anak-anak sebayanya dan merasa ketakutan tanpa alasan., - Ada anak-anak yang memutuskan menjadi pendiam ketika merasa kesepian. Tipe seperti sulit ditebak karena ada tipe anak yang memang menikmati waktu bermain sendiri, dan ada juga yang terjebak kesepian. Selalu ajak bicara anak untuk mengetahui apa yang terjadi pada anak., - Meski sering ditemani orangtua, ada kalanya anak kesepian merasa sangat canggung di keramaian karena tak pernah bertemu orang-orang asing. Akan lebih baik jika orangtua sering mengajak anak pergi ke tempat umum agar terbiasa.,Itu dia sekian cara mengetahui apakah ,merasa kesepian, Moms. Selalu perhatikan sikap anak ya.,#GrowFearless with FIMELA",https://www.fimela.com/parenting/read/4063971/7-cara-mengetahui-anak-kesepian-perhatikan-tandanya
Alasan Ibu Hamil Rentan Stres dan Cara Mengatasinya,fimela.com,19 Sep 2019,14:00 WIB,Parenting,-," Kehamilan dapat membuat seorang ibu rentan stress, hal ini dikarenakan banyak sekali perubahan yang akan dirasakan ketika mengandung.,Seperti saat trimester pertama, ibu,akan cepat kelelehan, mual, muntah, suasana hati berubahah, dan payudara mulai membengkak. Memasuki trimester ke-2 mulai merasakan nyeri perut bawah, keram, bengkak ringan, hidung tersumbat, ngidam, dan ngidam.,Memasuk trimester ke-3 ibu akan mengalami sembelit, heartburn, sulit tidur, masalah tidur, bengkak kaki, hingga kontraksi palsu. Stress pun diperparah ketika kehamilan berisiko tinggi, seperti adanya penyakit asma, anemia, dan darah tinggi.,“Setiap harinya tentu ada perubahan bagi ibu ,, ini yang membuat ibu stres. Dalam kondisi hamil normal saja, ibu sudah dihadapkan dengan berbagai tantangan dan perubahan psikologis seperti tingkat stress yang lebih tinggi. Kehamilan berisiko tinggi tentunya bisa melipatgandakan tingkat stress ibu dan memberikan dampak negatif pada diri ibu dan janin,” ujar Putu Andani, M.Psi., Psikolog dari Tiga Generasi, dalam acara Danone, di Jakarta.,Untuk mencegah stres pada ibu hamil, Puti menyampaikan , dibutuhkan cara penanggulangan stres yang tepat melalui dukungan support system yang dapat membantu ibu mengelola tekanan secara sehat. Mulai dari diri ibu sendiri, suami, serta keluarga dan teman dekat.,Dimulai dari diri sendiri, Ibu bisa mengenali mana masalah yang sumbernya ada di dalam kendali dan mana yang tidak. Apabila masalah tersebut berada di dalam kendalinya, ibu dapat melakukan strategi problem focus, yaitu fokus pada penyelesaian masalah dan pencarian jalan keluar seperti menghindari makanan yang bisa semakin membahayakan kehamilan risiko tinggi.,Sedangkan untuk masalah yang ada di luar kendali, strategi emotional focus dapat diterapkan, dimana ibu akan mengelola emosi seperti mencari distraksi dan membuka diri ke orang lain.,Putu melanjutkan, selain diri sendiri, dukungan suami, keluarga dan teman bisa membantu meningkatkan kondisi kehamilan ibu agar ia tidak merasa sendirian saat menjalani kehamilan berisiko tinggi.,“Suami dan keluarga bisa menunjukkan perhatian dengan menomorsatukan gizi sang ibu dan mendukung ibu mengonsumsi nutrisi seimbang yang dibutuhkan selama masa kehamilan. Dukungan lain juga bisa ditunjukkan dengan membicarakan hal-hal menyenangkan,menciptakan suasana positif, dan memberikan perhatian-perhatian sederhana.”, ,#Growfearless with Fimela",https://www.fimela.com/parenting/read/4065744/alasan-ibu-hamil-rentan-stres-dan-cara-mengatasinya
4 Fakta Tentang Autisme yang Wajib Diketahui,fimela.com,12 Sep 2019,10:30 WIB,Parenting,-," Autism spectrum disorder (ASD) merupakan serangkaian gangguan perkembangan saraf, yang sebagian besar ditandai dengan gangguan fungsi sosial dan gangguan komunikasi.,Asisten Deputi Anak Berkebutuhan Khusus Kementerian Pemberdayaan Perempuan dan Perlindungan Anak (Kementerian PPPA) dalam rangka Hari Peduli, di bulan April 2018 lalu disampaikan bahwa penyintas Autisme Indonesia diprediksi 2,4 juta orang dengan pertambahan 500 orang per tahun.,Angka ini adalah angka yang cukup besar apalagi masih banyak masyarakat Indonesia yang belum mengenali dan memahami cara penanganan anak penyintas Autisme.,Ketua Masyarakat Peduli Autis Indonesia (MPATI), Gayatri Pamoedji sekaligus orangtua dari pemuda dengan,mengatakan, kunci utama dari suksesnya penanganan generasi muda dengan kebutuhan khusus (anak-anak dan dewasa muda dengan Autisme, ADHD, ADD dan Kesulitan Belajar) terletak pada informasi yang akurat. Termasuk sarana pendidikan dan pelatihan tepat, serta dukungan dari berbagai pihak, terutama kepada orangtua agar tidak putus asa.,“Dukungan dari masyarakat luas, dapat dilakukan semudah tidak menggunakan kata autis sebagai ejekan, mencari informasi lebih banyak tentang apa yang dibutuhkan generasi muda berkebutuhan khusus serta mendukung dan menghormati keunikan mereka,” ujarnya dalam acara Spekix di Jakarta.,Gayatri juga mengungkapkan fakta tentang autisme, yang perlu diketahui masyarakat.,Autisme merupakan gangguan perkembangan yang sangat kompleks pada anak-anak. Gejala muncul saat anak berusia sebelum 3 tahun. Gangguan ini biasanya memengaruhi kemampuan anak untuk berkomunikasi, berinteraksi, bersosialisasi dan seringkali muncul prilaku kurang lazim.,Banyak anggapan jika autisme menular, padahal autisme ini tidak menular. Yang bisa terjadi pada setiap lapisan masyarakat dan muncul bukan karena disiplinya orangtua.,Penyebab autisme hingga saat ini masih terus diselidiki, namun faktor genetik dan lingkungan (polusi, bahan pengawet, dll) dianggap memicu munculnya autisme.,Tidak ada satupun terapi instan yang dapat menanggulangi autisme. Penangan terpadu adalah melalui: Diagnosa akurat, pendidikan tepat dan dukungan kuat., ,#Growfearless with Fimela",https://www.fimela.com/parenting/read/4059697/4-fakta-tentang-autisme-yang-wajib-diketahui
FIMELA FEST 2019: Pola Asuh Terbaik untuk Membuat Anak Merasa Istimewa,fimela.com,19 Sep 2019,17:00 WIB,Parenting,-," Mengasuh , adalah urusan serius dan kadang-kadang ibu mendapatkan kesulitan karena gaya hidup modern dan tekanan kerja. Untuk menjadi fearless mom, ibu bisa menggunakan modern parenting yang bisa membuat anak merasa istimewa. Untuk itu ibu muda perlu tahu tips pengasuhan dan membesarkan yang membuat anak merasa istimewa, bahagia, dan sehat.,Semua orang tua menginginkan yang terbaik untuk anak-anak mereka. Tetapi dalam gaya hidup yang serba cepat dewasa ini, kurangnya waktu dan pengetahuan yang tepat dapat membuat segalanya menjadi lebih buruk. ,Terkadang, kelelahan akibat tekanan kerja dan stres dapat membuat orangtua terasa jauh dan dingin terhadap anak. Ini dapat berakibat serius pada kesehatan anak. Pada saat-saat seperti ini, dibutuhkan pengetahuan orangtua dalam menjalani konsep modern pareting, yang membuat anak merasa istimewa dan orangtua dapat tetap bekerja dengan baik.,Sebuah penelitian dari Pusat Ilmu Kesehatan Advent Universitas Loma Linda, Amerika Serikat mengatakan bahwa gaya pengasuhan yang tidak mendukung dapat menyebabkan komplikasi kesehatan pada anak-anak. Ini dapat memengaruhi mereka bahkan di usia dewasa.,Para peneliti menemukan bahwa telomer anak-anak yang melihat gaya pengasuhan yang dingin dari ibu mereka rata-rata 25 persen lebih kecil dibandingkan dengan yang dibesarkan oleh  ibu mereka hangat. Telomer adalah pelindung di ujung untaian DNA, biomarker terukur dari penuaan seluler yang dipercepat dan peningkatan risiko penyakit di kemudian hari.,Berikut beberapa tips untuk menjadi ibu yang hangat dan membuat , merasa istimewa, seperti dilansir dari situs , Kamis (19/9/2019).,Jadilah orangtua yang terbaik dengan menjadi model untuk anak-anakmu. Anak sangat mudah meniru, jika melihat orang tua sebagai modelnya, dapat mendorong mereka untuk lebih bertanggung jawab.,Cobalah untuk melibatkan anak dalam sebagian besar kegiatan di rumah dan di luar, jadi dia melihat dan mempelajari cara sang ibu mengelola berbagai hal. Jadi, pastikan untuk memberi contoh yang tepat agar anak menghormati orang lain. Ibu adalah orang pertama yang anak kagumi, jadi beri dia inspirasi juga.,Mulailah bersikap positif jika ibu ingin mendorong semua orang di rumah untuk menjadi positif. Jika si kecil ingin mencoret-coret dinding, biarkan dia. Dengan melarangnya melakukan apa yang diinginkannya, dapat membatasi dia untuk mengeksplorasi diri dan kreativitas. Ini akan membuat , sulit untuk mencoba hal-hal baru dan mudah ragu-ragu ketika dewasa., ,Ikuti nilai-nilai yang ingin diberikan pada anak. Ingin anak menjadi manusia yang baik ketika ia tumbuh dewasa dan mengikuti nilai-nilai seperti kejujuran, ketulusan, dan kebaikan, maka ibu harus lakukan hal tersebut lebih dulu.,Berikan mereka contoh, karena anak tidak akan mudah mengerti jika hanya dengan kata-kata. Apapun yang dilakukan orangtua baik dan buruk anak pasti akan melakukan kebiasaan-kebiasaan tersebut., ,Nikmati permainan outdoor bersama si kecil. Hal ini dapat menjauhkan mereka dari ponsel untuk sementara waktu. Biarkan anak melakukan kegiatan olahraga. Ajari dia cara bermain bulu tangkis atau sepak bola. Ibu juga bisa mendaftarkan si kecil di kelas olahraga.,Bermain permainan luar ruangan memastikan bahwa anak tetap aktif dan meningkatkan staminanya. Jangan membuat anak hanya duduk di rumah. Anak yang aktif akan menjadi pribadi yang bahagia.,Untuk memahami lebih dalam tentang ,, yuk, daftarkan diri kamu di , dan raih kesempatan untuk menghadiri FIMELA FEST 2019.,#GrowFearless with Fimela",https://www.fimela.com/parenting/read/4065963/fimela-fest-2019-pola-asuh-terbaik-untuk-membuat-anak-merasa-istimewa
5 Bahan Alami yang Bisa Dimanfaatkan untuk Obat Batuk Anak,fimela.com,14 Sep 2019,08:40 WIB,Parenting,-," , dan pilek merupakan penyakit yang sering menyerang orang dewasa, anak-anak bahkan bayi. Batuk tercatat sebagai penyakit yang paling umum dijumpai pada anak-anak dan bayi.,Kekebalan tubuh bayi yang masih dalam tahap perkembangan membuatnya sangat mudah tertular virus batuk dan pilek. Ketika bayi batuk dan pilek, usahakan agar tidak langsung memberinya obat batuk dengan kandungan bahan kimia. Mom harus pandai-pandai mencari obat batuk alami untuk bayi agar tumbuh kembangnya tetap terjaga.,Melansir dari laman ,, ada beberapa bahan alami yang bermanfaat sebagai obat batuk alami anak dan bayi. Apa obat batuk alami tersebut? Simak yang berikut ini., ,Obat alami pertama adalah ASI atau Air Susu Ibu. Para ahli percaya jika nutrisi pada ASI bisa meningkatkan sistem kekebalan tubuh anak dan membantunya sembuh dari batuk serta pilek dengan lebih cepat. Ketika anak yang masih menyusu batuk, pastikan untuk sering-sering memberinya asupan ASI.,Bahan alami selanjutnya yang bisa dijadikan obat batuk alami anak adalah madu. Larutkan 1 sdt madu ke dalam 1 gelas air hangat kemudian mintalah anak mengonsumsi larutan madu ini. Madu bermanfaat menurunkan risiko batuk dan pilek serta masalah kesehatan lainnya. Tapi ingat, untuk memberikan madu ke anak jangan sampai berlebihan. Memberikan madu berlebihan ke anak justru memberi efek buruk pada kesehatan anak.,Jika buah hati batuk dan pilek, manfaatkan bawang putih. Iris bawang putih kemudian campur bersama minyak kau putih atau minyak telon dan oleskan ke pelipis bayi. Mom juga bisa meletakkan ramuan ini di dekat tempat tidur anak. Aroma bawang putih bisa meredakan hidung tersumbat akibat batuk dan pilek.,Untuk anak yang telah berusia 7 bulan ke atas sudah bisa diberi obat batuk alami berupa jeruk nipis. Kandungan vitamin C yang melimpah pada jeruk nipis bermanfaat meningkatkan sistem kekebalan tubuh anak dan meredakan batuk anak.,Sama dengan jeruk nipis, lemon juga bermanfaat meredakan batuk serta pilek, Kandungan nutrisi pada lemon bermanfaat sebagai anti bakteri dan anti inflamasi yang bisa meredakan radang tenggorokan serta hidung tersumbat akibat batuk dan pilek.,Itulah beberapa bahan alami yang bermanfaat sebagai obat batuk alami pada anak. Jika , dan pilek pada anak tak kunjung sembuh setelah satu minggu, jangan ragu untuk segera memeriksakan kondisi anak ke dokter. Semoga informasi ini bermanfaat., ,#GrowFearless with FIMELA",https://www.fimela.com/parenting/read/4062490/5-bahan-alami-yang-bisa-dimanfaatkan-untuk-obat-batuk-anak
FIMELA FEST 2019: Orangtua dengan Mindful Parenting Hasilkan Anak Bermental Sehat,fimela.com,16 Sep 2019,14:30 WIB,Parenting,-," Cara mengasuh anak oleh orangtua sangat berdampak pada tumbuh kembang dan kesehatan mentalnya. Sehingga diperlukan cara mengasuh anak yang tepat. Melansir dari News Hub dari George State University pada Senin (16/9/2019) menjelaskan bahwa orang yang dibesarkan oleh orangtua yang mendukung mereka mengekspreksikan emosi, cenderung lebih sehat secara emosional.,Anak dari orangtua seperti ini juga memiliki tingkat depresi dan kecemasan yang lebih rendah. Pola ini masuk sebagai ,, yang saat ini banyak dibicarakan dan tren di kalangan pola asuh anak.,""Ketika orangtua merespon emosi anak-anak mereka dengan cara yang mendukung, menunjukkan penerimaan dan tidak menghakimi, anak-anak mereka cenderung lebih menerima dan tidak menghakimi dari pengalaman mereka sendiri,"" jelas Laura G. McKee, Asisten Profesor Psikologi., sendiri merupakan pola asuh yang berkesadaran. Dalam artian segala didikan yang diberikan orangtua dilakukan secara sadar untuk mendidik sang anak dari dalam. Terutama secara emosi.,Secara umum, penelitian ini menunjukkan bahwa mereka yang dibesarkan oleh orang tua yang tertarik pada emosi anak-anak mereka atau ,, dapat mendorong si kecil untuk membagikan cerita dan memiliki keterampilan yang lebih baik dalam mengatasi emosi.,McKee pun mengatakan bahwa penelitian sementara membuktikan dampak pengasuhan yang mendukung secara emosional memiliki hubungan yang erat dengan kesehatan mental anak-anaknya. Perhatian penuh dicirikan sebagai memperhatikan saat sekarang tanpa penilian, perhatian yang diatur, sikap ingin tahu, penerimaan, dan keterbukaan.,Dalam penelitian tersebut, Mckee memberikan beberapa pertanyaann survei kepada responden. Pertanyaan difokuskan pada respon orang terhadap emosi positif, seperti kebahagiaan dan minat, serta emosi negatif seperti kesedihan, kemarahan, dan ketakutan.,Peserta pun menunjukkan bahwa tipikal orangtua untuk merespon. Di antaranya dengan mendengarkan, memberi kenyamanan, dan memberikan penyelesaian masalah pada mereka.,Ingin tahu lebih lanjut tentang ,? Daftarkan dirimu sekarang juga di , dan dapatkan kesempatan untuk hadir di Fimela Fest 2019!,#GrowFearless with Fimela",https://www.fimela.com/parenting/read/4063814/fimela-fest-2019-orangtua-dengan-mindful-parenting-hasilkan-anak-bermental-sehat
"Anak Tidak Mau Makan Nasi, Apakah Berbahaya?",fimela.com,19 Sep 2019,14:25 WIB,Parenting,-," Bagi masyarakat Indonesia, nasi merupakan makanan pokok sehari-hari yang wajib ada di meja makan. Nasi menjadi asupan nutrisi paling penting bagi sebagian besar masyarakat Indonesia.,Karena nasi merupakan makanan pokok yang penting, orangtua kerap memberikan nasi pada anak sejak usianya sedini mungkin. Mengingat sejak anak-anak bahkan bayi seseorang telah diberi nasi, saat dewasa ia nyaris tak bisa hidup tanpa nasi.,Meski anak-anak sudah diberi nasi sejak usianya sedini mungkin, tidak sedikit anak yang tidak suka makan nasi. Mengenai anak yang tak suka makan nasi, apakah ini membahayakan kesehatannya? Apakah anak yang tidak suka makan nasi perlu dikhawatirkan asupan nutrisi yang masuk ke tubuhnya.,Ketika anak tidak mau makan nasi, sebenarnya ini tak masalah. Orangtua tak perlu khawatir berlebihan ketika mendapati anak tak mau makan nasi. Para ahli mengemukan jika nasi bukan satu-satunya sumber karbohidrat.,Melansir dari laman ,, jika anak tidak mau makan nasi, orangtua bisa mengganti nasi dengan bahan makanan lain yang mengandung karbohidrat seperti roti, gandum, kentang, jagung, mie, pasta dan masih banyak lagi. Sayuran hijau, tepung, buah, gula dan sejenisnya juga mengandung karbohidrat yang baik untuk menunjang tumbuh kembang anak.,Agar anak tumbuh dan berkembang dengan baik serta nutrisinya tercukupi dengan baik, usahakan untuk memberikan aneka makanan yang tak hanya mengandung karbohidrat tetapi juga mengandung vitamin, lemak, mineral, protein dan sejenisnya. Semoga informasi ini bermanfaat dan jangan terlalu khawatir ketika anak tak mau makan nasi asal ia suka aneka makanan lainnya.,#GrowFearless with FIMELA",https://www.fimela.com/parenting/read/4066615/anak-tidak-mau-makan-nasi-apakah-berbahaya
FIMELA FEST 2019: Mengambil Peran dalam Mindful Parenting dengan Menumbuhkan Empati Pada Anak,fimela.com,19 Sep 2019,18:00 WIB,Parenting,-," , bukan hanya tentang kamu sebagai sosok orangtua yang baik, namun juga bagaimana kamu sebagai orangtua membesarkan anak dengan baik. Tentu semua orangtua ingin anak mereka tumbuh menjadi pribadi yang baik dan penuh kasih sayang untuk bisa peduli dan memiliki empati pada orang lain di sekitarnya.,Mulailah praktik , ini dengan membicarakan perasaan, biasakan dengan berkomunikasi tatap muka di era ponsel dan SMS saat ini. Buatlah peraturan di rumah untuk selalu meluangkan waktu saling bicara dan mendengarkan.,Cara , ini juga mengajarkan anak untuk mengidentifikasikan emosi mereka sejak dini. Ketika anak telah dilatih memahami emosi mereka sendiri, mereka juga akan berlatih memahami emosi orang lain, seperti dilansir dari ,, Kamis (19/9/2019).,Kamu juga bisa menggunakan media untuk menumbuhkan empati anak. Diskusikan tentang karakter yang baik dan jahat dalam sebuah cerita film atau literasi.,Sebagai orangtua, kamu juga harus memberi contoh yang bisa dicontoh anak untuk menumbuhkan empati mereka. Anak akan lebih mudah menunjukkan empati pada orang-orang yang juga berempati pada mereka.,Ketika anak berbuat baik, penting untuk memberi mereka pujian atau pengakuan. Terakhir adalah memperhatikan sekelilingnya, di tengah-tengah budaya kekerasan, amarah, dan perilaku abrasif di mana-mana, anak harus mampu menunjukkan sikap empati pada semua orang di dekatnya.,Ingin tahu lebih banyak tentang mindful parenting dan apa saja yang bisa kamu lakukan untuk menjadi sosok orangtua yang baik? Segera daftarkan dirimu di , dan dapatkan kesempatan untuk hadir di Fimela Fest 2019!,#GrowFearless with FIMELA",https://www.fimela.com/parenting/read/4065994/fimela-fest-2019-mengambil-peran-dalam-mindful-parenting-dengan-menumbuhkan-empati-pada-anak
Lewat Seni Anak-Anak akan Tampil Percaya Diri Hingga Dewasa,fimela.com,10 Sep 2019,13:30 WIB,Parenting,-," , memang sudah melekat sejak anak-anak, ketika orangtua mengenalkan pensil warna atau krayon dan mengajarkan menggambar. Banyak penelitian juga mengungkapkan jika , dapat membantu anak-anak dalam berkembang.,Lewat seni, si kecil dapat membangun rasa percaya diri, mengasah kreativitas, hingga dapat berfikir ,. Lilie Kurniawan, salah satu Pendiri Mighty Minds Preschool, mengatakan ketika anak-anak mengekspresikan diri melalui , seperti menggambar, mereka juga belajar untuk mengevaluasi dan menganalisis secara visual.,Otak mengandalkan tiga sisi untuk mendapatkan pengetahuan baru dan menyimpannya dalam jangka waktu panjang. Ini termasuk keterampilan motorik, representasi persepsi, dan bahasa.,""Seni itu menjadi hal yang penting untuk tahapan perkembangan anak. Karena dalam satu media anak akan belajar banyak, seperti literasi, mengasah kreativitas, hingga anak dapat berfikit ,. Manfaat ini juga akan dirasakan setelah dewasa, anak lebih kritis dan mampu mengungkapkan pendapatnya,"" kata Lilie seperti rilis yang diterima Fimela, Selasa (10/9/2019).,Melihat manfaat besar dari seni, Mighty Minds Preschool, sekolah yang mengedepankan kurikulum kreatif dengan prinsip interaksi positif mengadakan kegiatan , untuk para siswa dan siswi dengan usia mulai dari 2,5 tahun.,Lilie menyampaikan kegiatan yang dilakukan satu tahun sekali ini dalam rangka mendukung tumbuh kembang anak. Serta mengajak anak-anak untuk mengekspresikan diri dan imajinasi seni mereka., ini juga bertujuan menjalin hubungan yang erat antara orangtua dan anak. Pekan seni ini berlangsung di ketiga cabang Mighty Minds Preschool di antaranya Hang Tuah, Menteng, dan Kemang, mulai tanggal 2-11 September 2019.,“Melalui Mighty Minds Artweek, kami ingin menciptakan wadah yang mendukung anak-anak untuk bebas mengepresikan diri melalui seni, menyampaikan pendapat, dan secara bangga menunjukan hasil karya mereka di hadapan orang tua dan sekolah,"" tambahnya., ,Lilie mengatakan, untuk tahun ini Artweek mengangkat tema 'Modern Art' dimana setiap murid berkesempatan untuk menciptakan karya seni dari 1 hingga 2 seniman yang menjadi inspirasi mereka. Berbagai medium seperti kertas, tepung terigu, sarung tangan latex, kayu, dan cat digunakan para murid untuk merealisasikan imajinasi mereka yang terinspirasi dari seniman Modern Art ternama seperti Yayoi Kusama, Andy Warhol, dan Keith Haring.,""Setiap kelas diibaratkan seperti sebuah galeri di mana para murid mengundang orangtua mereka dan mempresentasikan karya seni di hari pembukaan. Para murid juga diminta bereksplorasi dengan melakukan “gallery visit”, yaitu kunjungan ke kelas-kelas lain dan melihat karya seni dari tipe kelas berbeda. Karya seni mereka dikerjakan selama satu minggu,"" ucapnya.,Mighty Minds Preschool sendiri pada tahun 2012 yang mengedepankan kurikulum kreatif dengan prinsip interaksi positif dan kemampuan berekspresi individu dalam kehidupan sehari-hari yang merupakan cara terbaik dalam belajar. Serta mendorong anak untuk aktif bertanya dan selalu ikut serta dalam aktivitas yang menstimulasi pemikiran kritis dan kemampuan sensori sejak dini.,#Growfearless with FIMELA",https://www.fimela.com/parenting/read/4058864/lewat-seni-anak-anak-akan-tampil-percaya-diri-hingga-dewasa
"5 Manfaat Pilates untuk Ibu Hamil, Apa Saja?",fimela.com,10 Sep 2019,13:40 WIB,Parenting,-," Ada banyak jenis olahraga yang bisa dipilih dan dilakukan oleh ,. Salah satunya adalah olahraga pilates. Pilates ada yang dirancang khusus untuk ibu hamil sebagai olahraga yang baik dilakukan secara rutin. Tapi sudah tahukah apa saja manfaat pilates untuk ibu hamil?,Bagi para ibu hamil yang bingung ingin memilih jenis olahraga apa selama ,, pilates bisa jadi pilihan. Dilansir dari , sudah ada banyak penelitian yang membuktikan efek positif pilates untuk ibu dan bayi dalam jangka panjang. Termasuk bisa bantu mempercepat proses pemulihan ibu setelah melahirkan.,Olahraga pilates bisa bantu menjaga postur tubuh. Selama kehamilan, postur tubuh bisa mengalami perubahan seiring dengan berkembangnya janin dalam kandungan. Nyeri punggung yang sering dialami selama kehamilan bisa bantud diredakan dengan latihan pilates secara rutin.,Latihan pernapasan adalah kunci utama di semua kelas pilates. Hal inilah yang membuat pilates sangat baik bagi ibu hamil. Latihan pernapasan yang baik bisa memberi dampak positif pada ibu hamil dan bayi dalam kandungan. Rasa kaku pada punggung yang kerap muncul seiring bertambahnya usia kehamilan bisa menghambat pernapasan kita. Dengan latihan pilates seperti arm opening, fleksibilitas di area tersebut bisa lebih baik., ,Selama kehamilan, tubuh mungkin akan terasa berat sebelah atau tidak stabil. Latihan pilates dapat meningkatkan keseimbangan tubuh dengan memperkuat latihan intim dan membantu kita lebih peka terhadap perubahan postur tubuh.,Selama kehamilan, berat badan rentan naik. Jika tak dikendalikan dengan baik, berat badan bisa berlebihan dan malah meningkatkan risiko gestational diabetes. Latihan pilates rutin dapat membantu kita menjaga berat badan tidak sampai naik berlebihan selama kehamilan.,Bila selama kehamilan sudah rutin melakukan olahraga pilates, kesehatan dan kebugaran tubuh akan terjaga dengan baik. Hal ini pun dapat membantu kita bisa pulih lebih cepat setelah melahirkan. Sehingga bisa beraktivitas dengan lebih nyaman.,Selama kehamilan, kita bisa mengikut kelas pilates untuk ibu hamil dengan trainer profesional. Konsultasikan juga dengan dokter untuk memastikan pilates bisa menjadi pilihan olahraga yang tepat yang sesuai dengan kondisi kehamilan kita.,#GrowFearless with FIMELA",https://www.fimela.com/parenting/read/4059032/5-manfaat-pilates-untuk-ibu-hamil-apa-saja
"3 Penanganan Kehamilan Risiko Tinggi, Agar Anak Terlahir Sehat",fimela.com,19 Sep 2019,13:30 WIB,Parenting,-," Menurut Riskesdas 2018, 48,9% ibu ,di Indonesia mengalami anemia atau kekurangan darah, dan sebanyak 1 dari 5 ibu hamil tercatat mengalami Kekurangan Energi Kronis (KEK).,Tak hanya itu, sekitar 1 dari 2 ibu hamil mengalami kekurangan asupan protein (SKMI 2014), sementara lebih dari 50% ibu hamil mengalami kekurangan asupan zat besi, zinc, kalsium, serta Vitamin A & C. (SEAFAST 2016). Padahal, kualitas kesehatan dan gizi ibu sebelum dan selama kehamilan akan mempengaruhi kesehatan janin yang akan dilahirkan dan menentukan tumbuh kembang si Kecil di masa depan.,Namun, masih banyak ibu di Indonesia yang berpotensi mengalami kehamilan berisiko tinggi. Jika tidak ditangani dengan baik, kondisi kehamilan resiko tinggi bisa menimbulkan dampak negatif bagi ibu dan si Kecil.,Ibu dengan penyakit penyerta (asthma, diabetes, kelainan jantung, dan sebagainya), ,dengan penyakit penyulit (pre-eklamsia, eklamsia, infeksi, dan sebagainya), riwayat operasi terdahulu, dan hamil di usia rentan berpotensi memiliki kehamilan dengan risiko tinggi.,Di Indonesia, tantangan ini menjadi lebih besar dengan berbagai fakta kesehatan termasuk kekurangan zat gizi makro dan mikro yang masih dihadapi oleh ibu hamil. Dr. dr. Ali Sungkar SpOG(K), Dokter Spesialis Kandungan dan Kebidanan mengatakan bahwa kehamilan berisiko tinggi dapat membahayakan kesehatan ibu dan anak apabila tidak ditangani dengan baik.,“1000 Hari Pertama Kehidupan, termasuk 270 hari di dalam kandungan, merupakan masa penting yang akan mempengaruhi kondisi kesehatan dan tumbuh kembang si Kecil di masa depan. Kehamilan risiko tinggi yang tidak ditangani dengan baik berpotensimemiliki pengaruh terhadap anak di dalam kandungan; seperti perkembangan janin tidak sempurna, berat janin kurang, kelahiran prematur, maupun bayi berat badan lahir rendah.”, ujar dr. Ali dalam acara Danone Indonesia mengedukasi masyarakat melalui kegiatan ‘Bicara Gizi – Menghadapi Kehamilan Risiko Tinggi’ di Jakarta, beberapa waktu lalu.,Berbagai faktor risiko kehamilan risiko tinggi masih banyak ditemui di Indonesia. Untuk itu, ibu hamil harus mewaspadai, menghindari, dan menangani kehamilan risiko tinggi.,Meminimalisir risiko yang tidak diharapkan, ibu hamil dianjurkan segera mengunjungi fasilitaskesehatan di awal kehamilan, rutin mengontrol kondisi kandungan dan mendapatkan saran dari tenaga medis profesional mengenai nutrisi yang dibutuhkan, termasuk mengkonsumsi nutrisi tambahan apabila diperlukan sesuai anjuran.,Dalam paparannya, Dr. Ali menjelaskan bahwa salah satu cara penting penanganan kehamilan risiko tinggi adalah dengan memenuhi kebutuhan nutrisi makro dan mikro yang bervariasi di tiap tahapan mulai dari prakehamilan, trimester 1, 2, dan 3, serta masa menyusui.,“Ibu perlu memastikan asupan makanan mereka mengandung zat-zat gizi penting seperti protein, karbohidrat, lemak, kalsium, zat besi, vitamin A, vitamin D, vitamin B12, asam folat, dan iodine.”,Dengan menjaga asupan nutrisi yang baik, kondisi kehamilan risiko tinggi seperti pre-eklampsia dapat dicegah. Ibu hamil dengan resiko pre-eklampsia perlu memilih makanan dengan bijak seperti menghindari garam yang dapat meningkatkan tekanan darah, banyak mengkonsumsi makanan yang mengandung antioksidan seperti buah dan sayuran yang tinggi vitamin dan mengkonsumsi cukup protein yang bermanfaat sebagai zat pembangun untuk pertumbuhan dan perkembangan organ dan sel-sel tubuh si Kecilo.,“Selain membantu mencegah resiko komplikasi pada proses kelahiran, asupan nutrisi yang baik pada masa kehamilan akan bermanfaat bagi Si Kecil secara jangka panjang dimana akan menurunkan resiko sejumlah penyakit kronis di masa dewasa kelak seperti hipertensi, diabetes, jantung dan berbagai penyakit lainnya,” jelas Dr. Ali.,#Growfearless with Fimela",https://www.fimela.com/parenting/read/4065736/3-penanganan-kehamilan-risiko-tinggi-agar-anak-terlahir-sehat
5 Makanan yang Harus Dihindari Ibu Hamil Agar Janin Sehat,fimela.com,14 Sep 2019,16:15 WIB,Parenting,-," ,atau mengandung menjadi momen yang sangat mengesankan buat setiap perempuan. Ibu hamil harus memerhatikan asupan nutrisinya setiap hari, harus memerhatikan kesehatannya dan janin di kandungannya.,Selama hamil, tidak sedikit perempuan yang merasa bahagia, bangga, cemas bahkan takut di waktu yang sama. Beberapa di antara mereka juga harus sangat mempertimbangkan apa saja makanan atau minuman yang boleh dikonsumsi demi menjaga kesehatannya serta kesehatan janin di kandungannya.,Melansir dari laman ,, agar ibu dan janin selalu sehat, ada beberapa makanan yang wajib dan harus dihindari ibu hamil. Berikut beberapa makanan yang harus dihindari tersebut.,Makanan pertama yang harus dihindari adalah makanan mentah dan setengah matang. Dalam makanan ini dikhawatirkan mengandung kuman, virus, parasit atau bakteri yang berbahaya buat tumbuh kembang kembang janin.,Makanan selanjutnya adalah makanan dan minuman yang berakohol. Ini penting dihindari ibu hamil demi menjaga kesehatan janin dan diri sendiri. Alkohol bersifat beracun dan membahayakan keselamatan janin.,Seafood adalah makanan yang menyehatkan dan kaya akan omega 3. Namun, usahakan untuk menghindari aneka sefood karena dikhawatirkan mengandung merkuri yang berbahaya bagi tumbuh kembang janin.,Makanan selanjutnya yang harus dihindari adalah teh herbal. Teh herbal sebenarnya menyehatkan. Tapi, jika ini dikonsumsi berlebihan dan terus-menerus selama kehamilan, dikhawatirkan ini bisa meningkatkan risiko keguguran.,Makanan atau minuman yang mengandung pemanis buatan dengan kadar glukosa tinggi juga sangat penting dihindari. Makanan dengan pemanis buatan berisiko meningkatkan diabetes selama kehamilan. Ibu hamil dengan konsumsi glukosa berlebih juga berisiko obesitas. Obesitas akan membuati ibu hamil berisiko terhadap preeklampsia dan diabetes gestasional.,Itulah beberapa makanan yang harus dihindari selama ,. Selain makanan di atas, makanan yang mengandung kafein berlebih, mengandung tingkat keasaman berlebih dan susu atau keju tanpa pasteurisasi juga harus dihindari. Semoga informasi ini bermanfaat.,#GrowFearless with FIMELA",https://www.fimela.com/parenting/read/4060181/5-makanan-yang-harus-dihindari-ibu-hamil-agar-janin-sehat
5 Makanan Paling Sehat untuk Anak Usia Bawah 1 Tahun,fimela.com,20 Sep 2019,14:47 WIB,Parenting,-," Ketika memasuki usia 6 bulan, sudah saatnya bayi diberi makanan pendamping ASI (MPASI) untuk menunjang tumbuh kembangnya. Saat anak sudah boleh diberi makanan selain ASI (Air Susu Ibu), pastikan agar Mom memberikan makanan terbaik buat buah hati.,Melansir dari laman,, ada beberapa makanan terbaik dan paling sehat yang bisa diberikan pada anak usia bawah 1 tahun. Tak hanya menyehatkan, makanan ini juga bisa meningkatkan tumbuh kembang anak dengan baik. Makanan ini juga bisa mencerdaskan otak anak.,Penasaran ,apa saja yang paling sehat untuk anak usia bawah 1 tahun?,Makanan pertama adalah sayuran hijau. Sayuran hijau seperti bayam, brokoli, kangkung dan kale adalah makanan terbaik untuk anak usia bawah 1 tahun. Dalam buku berjudul Superfoods for Babies and Children oleh Annabel Karmel dituliskan jika sayuran hijau kaya kalsium, vitamin dan betakaroten yang dibutuhkan anak selama pertumbuhan dan perkembangannya.,Makanan paling sehat selanjutnya adalah buah stroberi. Buah ini mengandung vitamin dan nutrisi yang sangat baik buat tumbuh kembang anak.,Makanan paling sehat selanjutnya untuk anak usia bawah 1 tahun adalah telur. Telur mengandung protein dan nutrisi lain yang sangat baik buat menunjang tumbuh kembang anak. Tapi hati-hati saat memberikan telur ke anak Mom, beberapa anak alergi telur di usianya yang masih sangat belia.,Ikan juga menjadi makanan paling sehat untuk anak usia bawah 1 tahun. Ikan kaya omega 3 yang bisa meningkatkan kecerdasan anak. Ikan juga mengandung berbagai nutrisi yang dibutuhkan anak.,Biji-bijian seperti biji kacang hijau, biji kedelai dan sejenisnya juga sangat sehat untuk anak. Makanan ini kaya nutrisi yang bisa mendorong tumbuh kembang anak jadi lebih baik.,Itulah beberapa , yang sangat baik dan paling sehat untuk anak usia bawah 1 tahun. Selain makanan di atas, makanan lain seperti buah pisang, buah alpukat, daging ayam, daging merah dan tomat juga sangat baik untuk menunjang tumbuh kembang anak usia bawah 1 tahun. Semoga informasi ini bermanfaat., ,#GrowFearless with FIMELA",https://www.fimela.com/parenting/read/4067561/5-makanan-paling-sehat-untuk-anak-usia-bawah-1-tahun
Pentingnya Sarapan dengan Makanan Padat untuk Anak,fimela.com,10 Sep 2019,13:50 WIB,Parenting,-," , merupakan salah satu aktivitas yang wajib dimiliki oleh semua orang. Ketika ingin tubuh sehat, pikiran fokus dan perasaan bahagia, setiap orang penting melakukan santap sarapan di pagi hari.,Tak hanya bikin sehat, sarapan juga bisa membuat kita jadi pribadi yang lebih fokus dan cerdas. Melansir dari laman,, sarapan bahkan bisa meningkatkan konsentrasi anak dan membantu memaksimalkan tumbuh kembangnya.,Ada beragam makanan yang bisa digunakan sebagai menu sarapan. Meski begitu, ada beberapa makanan yang sangat dianjurkan dijadikan menu sarapan karena kandungan gizi serta nutrisinya yang maksimal. Menurut , Netti Herawati, makanan yang terbaik untuk menu sarapan terutama menu sarapan anak adalah makanan padat.,Makanan padat seperti roti, nasi, sayuran dan buah-buahan dipercaya mengandung nutrisi yang lebih baik jika dibandingkan dengan makanan cair seperti susu atau jus. Makanan padat juga bisa bikin perut merasa kenyang lebih lama sehingga tidak meningkatkan risiko anak cepat lapar di siang hari.,Netti mengatakan, ""Kalau hanya sarapan cair, asupan gizi anak justri dipertanyakan. Apakah sudah cukup atau tidak. Memang, sarapan cair itu lebih gampang membuatnya. Tapi apakah yakin sudah bisa mencukupi kebutuhan nutrisi dan gizi anak?"",Sarapan dengan makanan padat bisa bermanfaat melatih sistem pencernaan anak dengan baik. Ini juga bisa melatih otot gusi dan gigi anak agar bekerja dengan lebih baik. Sarapan padat seperti nasi dan roti yang dipadukan bersama lauk pauk, selai, ikan, daging atau sayuran juga bakal mencukupi kebutuhan nutrisi anak dengan lebih baik.,Mom, pastikan agar buah hati mau , setiap paginya. Selain baik buat kesehatan tubuhnya, sarapan juga baik untuk kesehatan dan perkembangan psikisnya.,#GrowFearless with FIMELA",https://www.fimela.com/parenting/read/4059060/pentingnya-sarapan-dengan-makanan-padat-untuk-anak
